brand,category,categories,title,description,asin,model_number,upc,initial_price,final_price,buybox_price,number_of_sellers,specifications
MSI,Gaming Laptop,"[""Electronics"",""Computers"",""Laptops"",""Gaming Laptop""]","MSI Raider GE78 HX 14V","Flagship gaming laptop with desktop-class CPU performance and RTX 4090 graphics for extreme workloads and 4K gaming.","MSIGE7814V001","GE78HX-14V-001","890123450018",2399.99,2699.99,2599.99,18,"[{""key"":""CPU"",""value"":""Intel Core i9-14900HX""},{""key"":""GPU"",""value"":""NVIDIA RTX 4090 Laptop GPU""},{""key"":""RAM"",""value"":""64GB DDR5""},{""key"":""Storage"",""value"":""2TB NVMe PCIe 4.0 SSD""},{""key"":""Display"",""value"":""17-inch QHD+ 240Hz""}]"
Apple,Smartphone,"[""Electronics"",""Phones"",""Smartphones"",""Flagship Phone""]","Apple iPhone 17 Pro","Latest-generation iPhone with A19 Pro chip, improved thermal design, and advanced computational photography.","APPIP17001","A3290","890123450019",1099.99,1199.99,1149.99,21,"[{""key"":""Display"",""value"":""6.3-inch OLED 120Hz ProMotion""},{""key"":""Chip"",""value"":""Apple A19 Pro""},{""key"":""Storage"",""value"":""256GB""},{""key"":""Camera"",""value"":""48MP Triple Camera System""},{""key"":""Battery"",""value"":""Improved all-day battery life""}]"
Samsung,Smartphone,"[""Electronics"",""Phones"",""Smartphones"",""Flagship Phone""]","Samsung Galaxy S25 Ultra 5G","Ultra-premium Android phone with S-Pen support, AI-enhanced camera system and titanium frame.","SAMGS25002","SM-S938B","890123450020",1199.99,1349.99,1299.99,23,"[{""key"":""Display"",""value"":""6.9-inch Dynamic AMOLED 144Hz""},{""key"":""Chip"",""value"":""Snapdragon 8 Gen 4 Elite""},{""key"":""Storage"",""value"":""512GB""},{""key"":""Camera"",""value"":""200MP Quad Camera with AI Zoom""},{""key"":""Build"",""value"":""Titanium Frame""}]"
NVIDIA,GPU,"[""Electronics"",""Components"",""Graphics Cards"",""GPU""]","NVIDIA GeForce RTX 5090 Founders Edition","Next-gen flagship GPU designed for extreme 8K gaming, AI workloads, and rendering.","NVIDRTX509001","RTX-5090-FE","890123450021",1999.99,2399.99,2249.99,27,"[{""key"":""VRAM"",""value"":""32GB GDDR7""},{""key"":""CUDA Cores"",""value"":""21760""},{""key"":""Boost Clock"",""value"":""2650 MHz""},{""key"":""Interface"",""value"":""PCIe 5.0 x16""},{""key"":""Power"",""value"":""600W TGP""}]"
AMD,CPU,"[""Electronics"",""Components"",""Processors"",""CPU""]","AMD Ryzen 9 9950X3D","High-end Zen 5 processor with 3D V-Cache optimized for gaming and productivity.","AMDR99950X3D01","100-1000000001","890123450022",799.99,899.99,859.99,19,"[{""key"":""Cores"",""value"":""16""},{""key"":""Threads"",""value"":""32""},{""key"":""Architecture"",""value"":""Zen 5""},{""key"":""Boost Clock"",""value"":""5.8 GHz""},{""key"":""Cache"",""value"":""128MB 3D V-Cache""}]"
Intel,CPU,"[""Electronics"",""Components"",""Processors"",""CPU""]","Intel Core Ultra 9 285K","Flagship desktop CPU built for AI acceleration, gaming, and content creation.","INTUL9285K01","BX80715285K","890123450023",649.99,729.99,699.99,16,"[{""key"":""Cores"",""value"":""24 (8P+16E)""},{""key"":""Threads"",""value"":""32""},{""key"":""Base Clock"",""value"":""3.7 GHz""},{""key"":""AI Engine"",""value"":""Integrated NPU""},{""key"":""Socket"",""value"":""LGA1851""}]"
Corsair,RAM,"[""Electronics"",""Components"",""Memory"",""RAM""]","Corsair Vengeance DDR5 64GB 6000MHz","High-performance DDR5 memory kit optimized for gaming and workstation builds.","CORVEND564001","CMK64GX5M2B6000C30","890123450024",219.99,259.99,239.99,24,"[{""key"":""Capacity"",""value"":""64GB (2x32GB)""},{""key"":""Speed"",""value"":""6000MHz""},{""key"":""Type"",""value"":""DDR5""},{""key"":""Latency"",""value"":""CL30""}]"
Samsung,SSD,"[""Electronics"",""Components"",""Storage"",""SSD""]","Samsung 990 Pro 2TB NVMe SSD","Ultra-fast PCIe 4.0 SSD for gaming and professional workloads.","SAMSSD990P01","MZ-V9P2T0BW","890123450025",179.99,209.99,194.99,22,"[{""key"":""Capacity"",""value"":""2TB""},{""key"":""Interface"",""value"":""PCIe 4.0 x4""},{""key"":""Read Speed"",""value"":""7450 MB/s""},{""key"":""Write Speed"",""value"":""6900 MB/s""}]"
Sony,Console,"[""Electronics"",""Gaming"",""Consoles"",""Home Console""]","Sony PlayStation 5 Pro","Enhanced PS5 model with upgraded GPU for 4K/8K gaming and improved ray tracing.","SONYPS5PRO01","CFI-7020","890123450026",599.99,699.99,649.99,30,"[{""key"":""CPU"",""value"":""AMD Zen 2 Custom""},{""key"":""GPU"",""value"":""RDNA 3 Custom GPU""},{""key"":""Storage"",""value"":""2TB SSD""},{""key"":""Resolution"",""value"":""Up to 8K Support""}]"
Logitech,Peripheral,"[""Electronics"",""Accessories"",""Peripherals"",""Mouse""]","Logitech G Pro X Superlight 2","Ultra-lightweight esports mouse designed for competitive gaming.","LOGGPXSL2001","910-006984","890123450027",129.99,149.99,139.99,28,"[{""key"":""Sensor"",""value"":""HERO 2""},{""key"":""Weight"",""value"":""60g""},{""key"":""Battery"",""value"":""95 hours""},{""key"":""Connectivity"",""value"":""Wireless Lightspeed""}]"
Apple,Smartphone,"[""Electronics"",""Phones"",""Smartphones"",""Flagship Phone""]","Apple iPhone 16","Mainstream flagship iPhone with balanced performance, camera upgrades, and efficiency improvements.","APPIP16001","A3080","890123450028",899.99,999.99,949.99,25,"[{""key"":""Display"",""value"":""6.1-inch OLED 60Hz""},{""key"":""Chip"",""value"":""Apple A18""},{""key"":""Storage"",""value"":""128GB""},{""key"":""Camera"",""value"":""48MP Dual Camera""}]"
Apple,Smartphone,"[""Electronics"",""Phones"",""Smartphones"",""Flagship Phone""]","Apple iPhone 16 Pro","Pro-tier iPhone with advanced camera system and ProMotion display.","APPIP16002","A3091","890123450029",999.99,1099.99,1049.99,22,"[{""key"":""Display"",""value"":""6.3-inch OLED 120Hz ProMotion""},{""key"":""Chip"",""value"":""Apple A18 Pro""},{""key"":""Storage"",""value"":""256GB""},{""key"":""Camera"",""value"":""48MP Triple Camera""}]"
Samsung,Smartphone,"[""Electronics"",""Phones"",""Smartphones"",""Midrange Phone""]","Samsung Galaxy A56 5G","Balanced midrange phone with strong battery life and AMOLED display.","SAMGA56001","SM-A566E","890123450030",429.99,479.99,459.99,14,"[{""key"":""Display"",""value"":""6.6-inch AMOLED 120Hz""},{""key"":""Chip"",""value"":""Exynos 1480""},{""key"":""Storage"",""value"":""128GB""},{""key"":""Camera"",""value"":""50MP Triple Camera""}]"
ASUS,Gaming Laptop,"[""Electronics"",""Computers"",""Laptops"",""Gaming Laptop""]","ASUS TUF Gaming A15 FA507","Affordable gaming laptop with strong thermal design and RTX 4060 GPU.","ASUTUF507001","FA507NV-HN05","890123450031",1099.99,1249.99,1199.99,12,"[{""key"":""CPU"",""value"":""AMD Ryzen 7 7735HS""},{""key"":""GPU"",""value"":""NVIDIA RTX 4060 Laptop GPU""},{""key"":""RAM"",""value"":""16GB DDR5""},{""key"":""Storage"",""value"":""512GB SSD""}]"
Lenovo,Gaming Laptop,"[""Electronics"",""Computers"",""Laptops"",""Gaming Laptop""]","Lenovo Legion Slim 5 16APH","Thin gaming laptop with strong Ryzen performance and RTX graphics.","LENLEGSL5002","82Y9001BUS","890123450032",1299.99,1449.99,1399.99,15,"[{""key"":""CPU"",""value"":""AMD Ryzen 7 7840HS""},{""key"":""GPU"",""value"":""NVIDIA RTX 4070 Laptop GPU""},{""key"":""RAM"",""value"":""32GB DDR5""},{""key"":""Storage"",""value"":""1TB SSD""}]"
Dell,Ultrabook,"[""Electronics"",""Computers"",""Laptops"",""Ultrabook""]","Dell XPS 13 Plus 9320","Ultra-premium compact ultrabook with edge-to-edge keyboard design.","DELLXPS13001","9320-AX12","890123450033",1399.99,1549.99,1499.99,10,"[{""key"":""CPU"",""value"":""Intel Core Ultra 7 155H""},{""key"":""GPU"",""value"":""Intel Arc Graphics""},{""key"":""RAM"",""value"":""16GB LPDDR5X""},{""key"":""Storage"",""value"":""512GB SSD""}]"
MSI,Gaming Laptop,"[""Electronics"",""Computers"",""Laptops"",""Gaming Laptop""]","MSI Stealth 16 Studio A13V","Creator and gaming hybrid laptop with RTX 4070 graphics.","MSISTEALTH16001","A13VG-042US","890123450034",1699.99,1899.99,1799.99,13,"[{""key"":""CPU"",""value"":""Intel Core i7-13700H""},{""key"":""GPU"",""value"":""NVIDIA RTX 4070""},{""key"":""RAM"",""value"":""32GB DDR5""},{""key"":""Storage"",""value"":""1TB SSD""}]"
AMD,GPU,"[""Electronics"",""Components"",""Graphics Cards"",""GPU""]","AMD Radeon RX 7800 XT","High-performance GPU for 1440p and entry 4K gaming.","AMDRX7800XT01","RX-7800XT","890123450035",499.99,579.99,549.99,20,"[{""key"":""VRAM"",""value"":""16GB GDDR6""},{""key"":""Stream Processors"",""value"":""3840""},{""key"":""Boost Clock"",""value"":""2430 MHz""}]"
NVIDIA,GPU,"[""Electronics"",""Components"",""Graphics Cards"",""GPU""]","NVIDIA GeForce RTX 4070 SUPER","Efficient high-end GPU for 1440p ultra gaming.","NVID4070S001","RTX4070S-12G","890123450036",599.99,679.99,649.99,18,"[{""key"":""VRAM"",""value"":""12GB GDDR6X""},{""key"":""CUDA Cores"",""value"":""7168""},{""key"":""Boost Clock"",""value"":""2475 MHz""}]"
Kingston,RAM,"[""Electronics"",""Components"",""Memory"",""RAM""]","Kingston Fury Beast 32GB DDR5 5600MHz","Reliable DDR5 memory kit for gaming and productivity builds.","KINFURY32001","KF556C36BBEK2-32","890123450037",109.99,129.99,119.99,26,"[{""key"":""Capacity"",""value"":""32GB (2x16GB)""},{""key"":""Speed"",""value"":""5600MHz""},{""key"":""Type"",""value"":""DDR5""},{""key"":""Latency"",""value"":""CL36""}]"
Apple,Smartphone,"[""Electronics"",""Phones"",""Smartphones"",""Flagship Phone""]","Apple iPhone 15","Reliable flagship iPhone with strong performance and excellent camera system.","APPIP15001","A3090-15","890123450038",799.99,899.99,849.99,24,"[{""key"":""Display"",""value"":""6.1-inch OLED""},{""key"":""Chip"",""value"":""Apple A16 Bionic""},{""key"":""Storage"",""value"":""128GB""},{""key"":""Camera"",""value"":""48MP Dual Camera""}]"
Apple,Smartphone,"[""Electronics"",""Phones"",""Smartphones"",""Flagship Phone""]","Apple iPhone 15 Pro Max","Large-display Pro iPhone with titanium build and advanced zoom camera.","APPIP15PM01","A3106","890123450039",1099.99,1199.99,1149.99,26,"[{""key"":""Display"",""value"":""6.7-inch OLED 120Hz""},{""key"":""Chip"",""value"":""Apple A17 Pro""},{""key"":""Storage"",""value"":""256GB""},{""key"":""Camera"",""value"":""48MP Triple Camera 5x Zoom""}]"
Samsung,Smartphone,"[""Electronics"",""Phones"",""Smartphones"",""Flagship Phone""]","Samsung Galaxy S24 Ultra","Premium Android flagship with S-Pen and 200MP camera system.","SAMGS24001","SM-S928U","890123450040",1099.99,1199.99,1149.99,25,"[{""key"":""Display"",""value"":""6.8-inch AMOLED 120Hz""},{""key"":""Chip"",""value"":""Snapdragon 8 Gen 3""},{""key"":""Storage"",""value"":""256GB""},{""key"":""Camera"",""value"":""200MP Quad Camera""}]"
Samsung,Smartphone,"[""Electronics"",""Phones"",""Smartphones"",""Midrange Phone""]","Samsung Galaxy A36 5G","Affordable 5G smartphone with balanced performance and AMOLED display.","SAMGA36001","SM-A366B","890123450041",329.99,379.99,359.99,12,"[{""key"":""Display"",""value"":""6.6-inch AMOLED""},{""key"":""Chip"",""value"":""Exynos 1380""},{""key"":""Storage"",""value"":""128GB""},{""key"":""Camera"",""value"":""50MP Triple Camera""}]"
ASUS,Gaming Laptop,"[""Electronics"",""Computers"",""Laptops"",""Gaming Laptop""]","ASUS ROG Zephyrus G14 GA403","Compact gaming laptop with Ryzen AI performance and RTX graphics.","ASUG14GA40301","GA403UI-XS96","890123450042",1499.99,1649.99,1599.99,14,"[{""key"":""CPU"",""value"":""AMD Ryzen 9 8945HS""},{""key"":""GPU"",""value"":""NVIDIA RTX 4070 Laptop GPU""},{""key"":""RAM"",""value"":""32GB DDR5""},{""key"":""Storage"",""value"":""1TB SSD""}]"
Lenovo,Business Laptop,"[""Electronics"",""Computers"",""Laptops"",""Business Laptop""]","Lenovo ThinkPad X1 Carbon Gen 12","Premium business ultrabook with durability and enterprise security.","LENX1C12001","21KC000BUS","890123450043",1599.99,1749.99,1699.99,11,"[{""key"":""CPU"",""value"":""Intel Core Ultra 7 165H""},{""key"":""GPU"",""value"":""Intel Arc Graphics""},{""key"":""RAM"",""value"":""32GB LPDDR5X""},{""key"":""Storage"",""value"":""1TB SSD""}]"
Dell,Gaming Laptop,"[""Electronics"",""Computers"",""Laptops"",""Gaming Laptop""]","Dell Alienware m18 R2","Extreme performance gaming laptop with RTX 4090 and massive display.","DELM18R2001","M18R2-AX99","890123450044",2799.99,3099.99,2999.99,17,"[{""key"":""CPU"",""value"":""Intel Core i9-14900HX""},{""key"":""GPU"",""value"":""NVIDIA RTX 4090 Laptop GPU""},{""key"":""RAM"",""value"":""64GB DDR5""},{""key"":""Storage"",""value"":""2TB SSD""}]"
MSI,Gaming Laptop,"[""Electronics"",""Computers"",""Laptops"",""Gaming Laptop""]","MSI Katana 15 B13V","Midrange gaming laptop with RTX 4060 for smooth 1080p performance.","MSIKAT15001","B13VGK-123","890123450045",999.99,1149.99,1099.99,13,"[{""key"":""CPU"",""value"":""Intel Core i7-13620H""},{""key"":""GPU"",""value"":""NVIDIA RTX 4060 Laptop GPU""},{""key"":""RAM"",""value"":""16GB DDR5""},{""key"":""Storage"",""value"":""512GB SSD""}]"
Crucial,SSD,"[""Electronics"",""Components"",""Storage"",""SSD""]","Crucial P5 Plus 1TB NVMe SSD","High-speed PCIe 4.0 SSD for gaming and system upgrades.","CRUP5P1001","CT1000P5PSSD8","890123450046",89.99,109.99,99.99,21,"[{""key"":""Capacity"",""value"":""1TB""},{""key"":""Interface"",""value"":""PCIe 4.0""},{""key"":""Read Speed"",""value"":""6600 MB/s""},{""key"":""Write Speed"",""value"":""5000 MB/s""}]"
Seagate,HDD,"[""Electronics"",""Components"",""Storage"",""HDD""]","Seagate Barracuda 4TB HDD","Reliable high-capacity hard drive for storage and backups.","SEABAR4TB01","ST4000DM004","890123450047",79.99,94.99,89.99,19,"[{""key"":""Capacity"",""value"":""4TB""},{""key"":""RPM"",""value"":""5400""},{""key"":""Cache"",""value"":""256MB""},{""key"":""Interface"",""value"":""SATA 6Gb/s""}]"
NVIDIA,GPU,"[""Electronics"",""Components"",""Graphics Cards"",""GPU""]","NVIDIA GeForce RTX 4060","Efficient midrange GPU designed for 1080p and entry-level 1440p gaming.","NVID4060001","RTX4060-8G","890123450048",299.99,349.99,329.99,25,"[{""key"":""VRAM"",""value"":""8GB GDDR6""},{""key"":""CUDA Cores"",""value"":""3072""},{""key"":""Boost Clock"",""value"":""2460 MHz""}]"
NVIDIA,GPU,"[""Electronics"",""Components"",""Graphics Cards"",""GPU""]","NVIDIA GeForce RTX 4070 Ti SUPER","High-performance GPU optimized for 1440p ultra and entry 4K gaming.","NVID4070TS01","RTX4070TIS-16G","890123450049",749.99,849.99,799.99,23,"[{""key"":""VRAM"",""value"":""16GB GDDR6X""},{""key"":""CUDA Cores"",""value"":""8448""},{""key"":""Boost Clock"",""value"":""2610 MHz""}]"
AMD,CPU,"[""Electronics"",""Components"",""Processors"",""CPU""]","AMD Ryzen 7 7800X3D","Top-tier gaming CPU with 3D V-Cache for maximum gaming performance.","AMDR7800X3D01","100-100000910WOF","890123450050",449.99,499.99,479.99,18,"[{""key"":""Cores"",""value"":""8""},{""key"":""Threads"",""value"":""16""},{""key"":""Boost Clock"",""value"":""5.0 GHz""},{""key"":""Cache"",""value"":""96MB 3D V-Cache""}]"
Intel,CPU,"[""Electronics"",""Components"",""Processors"",""CPU""]","Intel Core i7-14700K","High-performance desktop CPU for gaming and productivity workloads.","INTI71470001","BX8071514700K","890123450051",389.99,439.99,419.99,17,"[{""key"":""Cores"",""value"":""20 (8P+12E)""},{""key"":""Threads"",""value"":""28""},{""key"":""Base Clock"",""value"":""3.4 GHz""}]"
Corsair,RAM,"[""Electronics"",""Components"",""Memory"",""RAM""]","Corsair Vengeance RGB 32GB DDR5 6400MHz","High-speed RGB DDR5 memory for gaming PCs.","CORV32RGB001","CMH32GX5M2B6400C32","890123450052",139.99,169.99,159.99,24,"[{""key"":""Capacity"",""value"":""32GB (2x16GB)""},{""key"":""Speed"",""value"":""6400MHz""},{""key"":""Type"",""value"":""DDR5""},{""key"":""Latency"",""value"":""CL32""}]"
Kingston,RAM,"[""Electronics"",""Components"",""Memory"",""RAM""]","Kingston Fury Beast 64GB DDR5 6000MHz","High-capacity DDR5 kit for workstation and heavy multitasking.","KINF64GB001","KF560C36BBEK2-64","890123450053",229.99,269.99,249.99,20,"[{""key"":""Capacity"",""value"":""64GB (2x32GB)""},{""key"":""Speed"",""value"":""6000MHz""},{""key"":""Type"",""value"":""DDR5""}]"
Samsung,SSD,"[""Electronics"",""Components"",""Storage"",""SSD""]","Samsung 980 Pro 1TB NVMe SSD","Fast PCIe 4.0 SSD for gaming and OS performance.","SAM980P1001","MZ-V8P1T0B","890123450054",109.99,129.99,119.99,22,"[{""key"":""Capacity"",""value"":""1TB""},{""key"":""Interface"",""value"":""PCIe 4.0""},{""key"":""Read Speed"",""value"":""7000 MB/s""},{""key"":""Write Speed"",""value"":""5100 MB/s""}]"
Western Digital,SSD,"[""Electronics"",""Components"",""Storage"",""SSD""]","WD Black SN850X 2TB NVMe SSD","High-end SSD designed for gaming and high-performance workloads.","WDSN850X2001","WDS200T2X0E","890123450055",179.99,209.99,199.99,18,"[{""key"":""Capacity"",""value"":""2TB""},{""key"":""Interface"",""value"":""PCIe 4.0""},{""key"":""Read Speed"",""value"":""7300 MB/s""}]"
Sony,Console,"[""Electronics"",""Gaming"",""Consoles"",""Home Console""]","Sony PlayStation 5 Slim","Compact redesigned PS5 with improved cooling and energy efficiency.","SONYPS5SLIM01","CFI-2015","890123450056",449.99,499.99,479.99,28,"[{""key"":""CPU"",""value"":""AMD Zen 2 Custom""},{""key"":""GPU"",""value"":""RDNA 2 Custom""},{""key"":""Storage"",""value"":""1TB SSD""}]"
Microsoft,Console,"[""Electronics"",""Gaming"",""Consoles"",""Home Console""]","Xbox Series X","Powerful gaming console optimized for 4K gaming and Game Pass ecosystem.","MSXBSX001","RRT-00010","890123450057",499.99,549.99,529.99,29,"[{""key"":""CPU"",""value"":""AMD Zen 2""},{""key"":""GPU"",""value"":""RDNA 2 12 TFLOPS""},{""key"":""Storage"",""value"":""1TB NVMe SSD""}]"
ASUS,Motherboard,"[""Electronics"",""Components"",""Motherboards"",""Gaming Motherboard""]","ASUS ROG Maximus Z790 Hero","Premium Intel motherboard designed for enthusiast gaming PCs with advanced power delivery and connectivity.","ASUMZ790H001","ROG-MAX-Z790-HERO","890123450058",699.99,749.99,719.99,16,"[{""key"":""Socket"",""value"":""LGA1700""},{""key"":""Chipset"",""value"":""Intel Z790""},{""key"":""Memory"",""value"":""DDR5 up to 7800MHz""},{""key"":""Expansion"",""value"":""PCIe 5.0 x16""},{""key"":""Networking"",""value"":""WiFi 7 + 2.5Gb Ethernet""}]"
MSI,Motherboard,"[""Electronics"",""Components"",""Motherboards"",""Gaming Motherboard""]","MSI MPG X870E Carbon WiFi","High-end AMD AM5 motherboard with PCIe 5.0 support and premium connectivity.","MSIX870EC001","MPG-X870E-CARBON-WIFI","890123450059",499.99,559.99,529.99,14,"[{""key"":""Socket"",""value"":""AM5""},{""key"":""Chipset"",""value"":""AMD X870E""},{""key"":""Memory"",""value"":""DDR5 8200MHz OC""},{""key"":""Expansion"",""value"":""PCIe 5.0""},{""key"":""Networking"",""value"":""WiFi 7""}]"
Gigabyte,Motherboard,"[""Electronics"",""Components"",""Motherboards"",""Gaming Motherboard""]","Gigabyte AORUS Elite AX B650","Gaming motherboard optimized for Ryzen processors with strong VRM cooling.","GIGAOR65001","B650-AORUS-ELITE-AX","890123450060",229.99,279.99,259.99,18,"[{""key"":""Socket"",""value"":""AM5""},{""key"":""Chipset"",""value"":""AMD B650""},{""key"":""Memory"",""value"":""DDR5""},{""key"":""Networking"",""value"":""WiFi 6E""}]"
ASUS,Power Supply,"[""Electronics"",""Components"",""Power Supplies"",""PC PSU""]","ASUS ROG Thor 1200W Platinum II","Premium modular power supply designed for high-end gaming systems.","ASUTHOR12001","ROG-THOR-1200P2","890123450061",399.99,449.99,429.99,12,"[{""key"":""Power"",""value"":""1200W""},{""key"":""Efficiency"",""value"":""80 Plus Platinum""},{""key"":""Modular"",""value"":""Fully Modular""},{""key"":""Connector"",""value"":""PCIe 5.0 12VHPWR""}]"
Corsair,Power Supply,"[""Electronics"",""Components"",""Power Supplies"",""PC PSU""]","Corsair RM1000x Shift","High-efficiency modular PSU for gaming and workstation builds.","CORRM1000X01","CP-9020253","890123450062",199.99,239.99,219.99,21,"[{""key"":""Power"",""value"":""1000W""},{""key"":""Efficiency"",""value"":""80 Plus Gold""},{""key"":""Modular"",""value"":""Fully Modular""},{""key"":""Fan"",""value"":""135mm Magnetic Levitation""}]"
Noctua,CPU Cooler,"[""Electronics"",""Components"",""Cooling"",""CPU Cooler""]","Noctua NH-D15 G2","Premium dual-tower air cooler designed for high-performance CPUs.","NOCTNHG2001","NH-D15-G2","890123450063",149.99,169.99,159.99,20,"[{""key"":""Type"",""value"":""Dual Tower Air Cooler""},{""key"":""Fan Size"",""value"":""140mm""},{""key"":""Compatibility"",""value"":""Intel LGA1700 / AMD AM5""},{""key"":""Noise Level"",""value"":""24.8 dB""}]"
NZXT,PC Case,"[""Electronics"",""Components"",""Computer Cases"",""ATX Case""]","NZXT H9 Flow","Premium airflow-focused ATX case with tempered glass panels.","NZXT H9F001","CM-H91FB","890123450064",199.99,229.99,219.99,15,"[{""key"":""Form Factor"",""value"":""ATX Mid Tower""},{""key"":""Material"",""value"":""Steel + Tempered Glass""},{""key"":""Fans Included"",""value"":""4x 120mm""},{""key"":""GPU Support"",""value"":""Up to 435mm""}]"
Logitech,Keyboard,"[""Electronics"",""Accessories"",""Peripherals"",""Gaming Keyboard""]","Logitech G915 TKL Wireless Gaming Keyboard","Low-profile mechanical gaming keyboard with wireless connectivity.","LOGG915TK01","920-009495","890123450065",229.99,259.99,244.99,19,"[{""key"":""Switches"",""value"":""GL Mechanical""},{""key"":""Connectivity"",""value"":""Lightspeed Wireless + Bluetooth""},{""key"":""Battery"",""value"":""40 hours""},{""key"":""Lighting"",""value"":""RGB Lightsync""}]"
Razer,Mouse,"[""Electronics"",""Accessories"",""Peripherals"",""Gaming Mouse""]","Razer DeathAdder V3 Pro","Professional esports wireless mouse with ultra-light design.","RAZDA3PRO01","RZ01-04630100","890123450066",149.99,179.99,164.99,22,"[{""key"":""Sensor"",""value"":""Focus Pro 30K Optical Sensor""},{""key"":""Weight"",""value"":""63g""},{""key"":""Battery"",""value"":""90 Hours""},{""key"":""Connectivity"",""value"":""HyperSpeed Wireless""}]"
Apple,Tablet,"[""Electronics"",""Computers"",""Tablets"",""Premium Tablet""]","Apple iPad Pro M4 13-inch","Professional tablet with OLED display and Apple Silicon performance.","APPIPADM4001","MVX23","890123450067",1299.99,1399.99,1349.99,27,"[{""key"":""Display"",""value"":""13-inch Tandem OLED""},{""key"":""Processor"",""value"":""Apple M4 Chip""},{""key"":""Storage"",""value"":""256GB""},{""key"":""Camera"",""value"":""12MP Wide Camera""}]"
Google,Smartphone,"[""Electronics"",""Phones"",""Smartphones"",""Flagship Phone""]","Google Pixel 9 Pro XL","Premium Android smartphone with advanced AI features, Tensor processing, and professional camera capabilities.","GOOPIX9XL001","GQ57S","890123450068",1099.99,1199.99,1149.99,18,"[{""key"":""Display"",""value"":""6.8-inch LTPO OLED 120Hz""},{""key"":""Processor"",""value"":""Google Tensor G4""},{""key"":""Storage"",""value"":""256GB""},{""key"":""Camera"",""value"":""50MP Triple Camera System""},{""key"":""RAM"",""value"":""16GB""}]"
OnePlus,Smartphone,"[""Electronics"",""Phones"",""Smartphones"",""Flagship Phone""]","OnePlus 13 Pro 5G","High-performance Android flagship with fast charging and Snapdragon processor.","ONEP13PRO01","CPH2653","890123450069",899.99,999.99,949.99,16,"[{""key"":""Display"",""value"":""6.82-inch AMOLED 120Hz""},{""key"":""Processor"",""value"":""Snapdragon 8 Elite""},{""key"":""Storage"",""value"":""512GB UFS 4.0""},{""key"":""RAM"",""value"":""16GB LPDDR5X""},{""key"":""Battery"",""value"":""6000mAh""}]"
Xiaomi,Smartphone,"[""Electronics"",""Phones"",""Smartphones"",""Flagship Phone""]","Xiaomi 15 Ultra","Camera-focused flagship smartphone with Leica optics and premium hardware.","XIA15ULTRA01","24116PN5CG","890123450070",999.99,1099.99,1049.99,14,"[{""key"":""Display"",""value"":""6.73-inch AMOLED 120Hz""},{""key"":""Processor"",""value"":""Snapdragon 8 Elite""},{""key"":""Camera"",""value"":""200MP Leica Camera System""},{""key"":""Storage"",""value"":""512GB""}]"
Acer,Gaming Laptop,"[""Electronics"",""Computers"",""Laptops"",""Gaming Laptop""]","Acer Predator Helios Neo 16","Gaming laptop with high refresh display and powerful RTX graphics.","ACPHN16001","PHN16-72","890123450071",1399.99,1549.99,1499.99,15,"[{""key"":""CPU"",""value"":""Intel Core i7-14700HX""},{""key"":""GPU"",""value"":""NVIDIA RTX 4070 Laptop GPU""},{""key"":""RAM"",""value"":""32GB DDR5""},{""key"":""Storage"",""value"":""1TB PCIe SSD""},{""key"":""Display"",""value"":""16-inch WQXGA 240Hz""}]"
Acer,Ultrabook,"[""Electronics"",""Computers"",""Laptops"",""Ultrabook""]","Acer Swift Go 14 OLED","Portable productivity laptop with OLED display and AI-ready processor.","ACSWIFT14001","SFG14-72","890123450072",899.99,999.99,949.99,11,"[{""key"":""CPU"",""value"":""Intel Core Ultra 7 155H""},{""key"":""GPU"",""value"":""Intel Arc Graphics""},{""key"":""RAM"",""value"":""16GB LPDDR5X""},{""key"":""Storage"",""value"":""1TB SSD""},{""key"":""Display"",""value"":""14-inch OLED 2.8K""}]"
LG,Monitor,"[""Electronics"",""Displays"",""Monitors"",""Gaming Monitor""]","LG UltraGear OLED 32GS95UE","Premium OLED gaming monitor with dual mode refresh technology.","LG32GS95001","32GS95UE-B","890123450073",1299.99,1399.99,1349.99,13,"[{""key"":""Size"",""value"":""32-inch""},{""key"":""Panel"",""value"":""OLED""},{""key"":""Resolution"",""value"":""4K UHD""},{""key"":""Refresh Rate"",""value"":""240Hz""},{""key"":""Response Time"",""value"":""0.03ms""}]"
Samsung,Monitor,"[""Electronics"",""Displays"",""Monitors"",""Gaming Monitor""]","Samsung Odyssey OLED G8 32-inch","High-end OLED gaming monitor designed for competitive gaming and content creation.","SAMODG8001","G80SD","890123450074",1299.99,1449.99,1399.99,12,"[{""key"":""Panel"",""value"":""QD-OLED""},{""key"":""Resolution"",""value"":""4K UHD""},{""key"":""Refresh Rate"",""value"":""240Hz""},{""key"":""HDR"",""value"":""HDR True Black 400""}]"
TP-Link,Networking,"[""Electronics"",""Networking"",""Routers"",""WiFi Router""]","TP-Link Archer BE800 WiFi 7 Router","Next-generation wireless router with multi-gigabit networking support.","TPLBE80001","Archer BE800","890123450075",599.99,649.99,619.99,17,"[{""key"":""Wireless Standard"",""value"":""WiFi 7""},{""key"":""Speed"",""value"":""Up to 19Gbps""},{""key"":""Ports"",""value"":""10Gb Ethernet""},{""key"":""Bands"",""value"":""Tri-Band""}]"
Netgear,Networking,"[""Electronics"",""Networking"",""Routers"",""WiFi Router""]","Netgear Nighthawk RS700S WiFi 7 Router","Premium WiFi 7 router for high-speed homes and gaming networks.","NETRS700S01","RS700S-100NAS","890123450076",699.99,749.99,719.99,14,"[{""key"":""Wireless Standard"",""value"":""WiFi 7""},{""key"":""Speed"",""value"":""Up to 19Gbps""},{""key"":""Coverage"",""value"":""3500 sq ft""},{""key"":""Security"",""value"":""Netgear Armor""}]"
Apple,Tablet,"[""Electronics"",""Computers"",""Tablets"",""Tablet""]","Apple iPad Air M3 11-inch","Powerful lightweight tablet with Apple Silicon and support for accessories.","APPAIRM3001","MUWC3","890123450077",599.99,649.99,619.99,22,"[{""key"":""Display"",""value"":""11-inch Liquid Retina""},{""key"":""Processor"",""value"":""Apple M3 Chip""},{""key"":""Storage"",""value"":""128GB""},{""key"":""Camera"",""value"":""12MP Wide Camera""}]"
NVIDIA,GPU,"[""Electronics"",""Components"",""Graphics Cards"",""GPU""]","NVIDIA GeForce RTX 5080 Founders Edition","Next-generation high-performance graphics card designed for enthusiast 4K gaming and AI workloads.","NVID5080001","RTX5080-FE-16G","890123450078",999.99,1199.99,1099.99,26,"[{""key"":""VRAM"",""value"":""16GB GDDR7""},{""key"":""CUDA Cores"",""value"":""10752""},{""key"":""Memory Interface"",""value"":""256-bit""},{""key"":""Interface"",""value"":""PCIe 5.0""},{""key"":""Power Connector"",""value"":""12V-2x6""}]"
NVIDIA,GPU,"[""Electronics"",""Components"",""Graphics Cards"",""GPU""]","NVIDIA GeForce RTX 5070 Ti","High-performance GPU targeting premium 1440p and 4K gaming systems.","NVID5070TI01","RTX5070TI-16G","890123450079",749.99,899.99,829.99,21,"[{""key"":""VRAM"",""value"":""16GB GDDR7""},{""key"":""CUDA Cores"",""value"":""8960""},{""key"":""Ray Tracing"",""value"":""Advanced RT Cores""},{""key"":""AI Features"",""value"":""DLSS 4 Support""}]"
AMD,GPU,"[""Electronics"",""Components"",""Graphics Cards"",""GPU""]","AMD Radeon RX 9070 XT","High-end AMD graphics card built for 4K gaming and advanced rendering workloads.","AMDRX9070XT01","RX-9070XT-16G","890123450080",699.99,799.99,749.99,19,"[{""key"":""VRAM"",""value"":""16GB GDDR6""},{""key"":""Architecture"",""value"":""RDNA 4""},{""key"":""Memory Bus"",""value"":""256-bit""},{""key"":""Interface"",""value"":""PCIe 5.0""}]"
HP,Gaming Laptop,"[""Electronics"",""Computers"",""Laptops"",""Gaming Laptop""]","HP Omen Transcend 16","Premium gaming laptop with OLED display and high-performance components.","HPOMEN16001","16-u1000","890123450081",1899.99,2099.99,1999.99,14,"[{""key"":""CPU"",""value"":""Intel Core Ultra 9 185H""},{""key"":""GPU"",""value"":""NVIDIA RTX 4070 Laptop GPU""},{""key"":""RAM"",""value"":""32GB DDR5""},{""key"":""Storage"",""value"":""2TB SSD""},{""key"":""Display"",""value"":""16-inch OLED 240Hz""}]"
Razer,Gaming Laptop,"[""Electronics"",""Computers"",""Laptops"",""Gaming Laptop""]","Razer Blade 16 2025","Premium aluminum gaming laptop combining portability with flagship performance.","RAZBLADE1601","RZ09-0530","890123450082",2699.99,2999.99,2849.99,10,"[{""key"":""CPU"",""value"":""Intel Core Ultra 9 275HX""},{""key"":""GPU"",""value"":""NVIDIA RTX 5080 Laptop GPU""},{""key"":""RAM"",""value"":""64GB DDR5""},{""key"":""Storage"",""value"":""2TB SSD""},{""key"":""Display"",""value"":""16-inch Mini LED 240Hz""}]"
Alienware,Gaming Laptop,"[""Electronics"",""Computers"",""Laptops"",""Gaming Laptop""]","Alienware Area-51 Laptop","Extreme gaming notebook designed for maximum performance and thermal capacity.","ALI51LAP001","AWM51-2025","890123450083",2999.99,3399.99,3199.99,9,"[{""key"":""CPU"",""value"":""Intel Core Ultra 9 285HX""},{""key"":""GPU"",""value"":""NVIDIA RTX 5090 Laptop GPU""},{""key"":""RAM"",""value"":""64GB DDR5""},{""key"":""Storage"",""value"":""4TB NVMe SSD""},{""key"":""Display"",""value"":""18-inch QHD+ 240Hz""}]"
Apple,Smartwatch,"[""Electronics"",""Wearables"",""Smart Watches"",""Smartwatch""]","Apple Watch Ultra 3","Premium rugged smartwatch designed for athletes and outdoor users.","APPWU3001","A3250","890123450084",799.99,849.99,819.99,20,"[{""key"":""Display"",""value"":""49mm Retina OLED""},{""key"":""Material"",""value"":""Titanium Case""},{""key"":""GPS"",""value"":""Dual Frequency GPS""},{""key"":""Battery"",""value"":""Up to 48 Hours""}]"
Samsung,Smartwatch,"[""Electronics"",""Wearables"",""Smart Watches"",""Smartwatch""]","Samsung Galaxy Watch Ultra","Premium Android smartwatch with advanced health tracking features.","SAMWATCHU01","SM-L705","890123450085",649.99,699.99,679.99,17,"[{""key"":""Display"",""value"":""1.5-inch Super AMOLED""},{""key"":""Processor"",""value"":""Exynos W1000""},{""key"":""Battery"",""value"":""590mAh""},{""key"":""Water Resistance"",""value"":""10ATM""}]"
Sony,Headphones,"[""Electronics"",""Audio"",""Headphones"",""Wireless Headphones""]","Sony WH-1000XM6","Premium noise-cancelling wireless headphones with high-resolution audio support.","SONWHXM6001","WH1000XM6","890123450086",449.99,499.99,479.99,31,"[{""key"":""Driver"",""value"":""40mm Dynamic Driver""},{""key"":""Noise Cancellation"",""value"":""Advanced ANC Processor""},{""key"":""Battery"",""value"":""40 Hours""},{""key"":""Connectivity"",""value"":""Bluetooth 5.3""}]"
Bose,Headphones,"[""Electronics"",""Audio"",""Headphones"",""Wireless Headphones""]","Bose QuietComfort Ultra Headphones","Premium wireless headphones focused on comfort and immersive audio.","BOSEQCULTRA01","882826-0010","890123450087",429.99,479.99,449.99,24,"[{""key"":""Audio"",""value"":""Spatial Audio""},{""key"":""Noise Cancellation"",""value"":""Adaptive ANC""},{""key"":""Battery"",""value"":""24 Hours""},{""key"":""Connectivity"",""value"":""Bluetooth 5.1""}]"
AMD,CPU,"[""Electronics"",""Components"",""Processors"",""CPU""]","AMD Ryzen 9 9900X","High-performance Zen 5 desktop processor designed for gaming, streaming, and professional workloads.","AMDR9900X001","100-100001405WOF","890123450088",499.99,559.99,529.99,18,"[{""key"":""Cores"",""value"":""12""},{""key"":""Threads"",""value"":""24""},{""key"":""Architecture"",""value"":""Zen 5""},{""key"":""Boost Clock"",""value"":""5.6 GHz""},{""key"":""Cache"",""value"":""76MB Total Cache""}]"
AMD,CPU,"[""Electronics"",""Components"",""Processors"",""CPU""]","AMD Ryzen 7 9700X","Efficient high-performance processor for gaming PCs and creator systems.","AMDR9700X001","100-100001404WOF","890123450089",359.99,409.99,389.99,16,"[{""key"":""Cores"",""value"":""8""},{""key"":""Threads"",""value"":""16""},{""key"":""Architecture"",""value"":""Zen 5""},{""key"":""Boost Clock"",""value"":""5.5 GHz""},{""key"":""Socket"",""value"":""AM5""}]"
Intel,CPU,"[""Electronics"",""Components"",""Processors"",""CPU""]","Intel Core Ultra 7 265K","Modern desktop processor with AI acceleration and improved efficiency.","INTUL7265K01","BX80768265K","890123450090",399.99,449.99,429.99,15,"[{""key"":""Cores"",""value"":""20 (8P+12E)""},{""key"":""Threads"",""value"":""20""},{""key"":""AI Engine"",""value"":""Integrated NPU""},{""key"":""Socket"",""value"":""LGA1851""}]"
ASUS,Motherboard,"[""Electronics"",""Components"",""Motherboards"",""Gaming Motherboard""]","ASUS ROG Strix X870E-E Gaming WiFi","Premium AMD motherboard with PCIe 5.0 support and enthusiast features.","ASUX870EE001","ROG-STRIX-X870E-E","890123450091",499.99,569.99,539.99,13,"[{""key"":""Socket"",""value"":""AM5""},{""key"":""Chipset"",""value"":""AMD X870E""},{""key"":""Memory"",""value"":""DDR5 8000+ MHz""},{""key"":""Networking"",""value"":""WiFi 7 + 5Gb LAN""},{""key"":""Expansion"",""value"":""PCIe 5.0""}]"
MSI,Motherboard,"[""Electronics"",""Components"",""Motherboards"",""Gaming Motherboard""]","MSI MEG Z890 ACE","Flagship Intel motherboard built for extreme gaming and workstation configurations.","MSIZ890ACE01","MEG-Z890-ACE","890123450092",599.99,679.99,639.99,11,"[{""key"":""Socket"",""value"":""LGA1851""},{""key"":""Chipset"",""value"":""Intel Z890""},{""key"":""Memory"",""value"":""DDR5 8800MHz OC""},{""key"":""Networking"",""value"":""WiFi 7""}]"
Gigabyte,GPU,"[""Electronics"",""Components"",""Graphics Cards"",""GPU""]","Gigabyte AORUS GeForce RTX 5080 Master","Factory-overclocked RTX 5080 graphics card with premium cooling solution.","GIGRTX508001","GV-N5080AORUSM","890123450093",1099.99,1299.99,1199.99,20,"[{""key"":""VRAM"",""value"":""16GB GDDR7""},{""key"":""Cooling"",""value"":""WINDFORCE Triple Fan""},{""key"":""Boost Clock"",""value"":""2700 MHz""},{""key"":""Interface"",""value"":""PCIe 5.0""}]"
ASUS,GPU,"[""Electronics"",""Components"",""Graphics Cards"",""GPU""]","ASUS ROG Astral RTX 5090 OC","Ultra-premium RTX 5090 graphics card for extreme enthusiasts.","ASURTX509001","ROG-ASTRAL-5090-O24G","890123450094",2399.99,2799.99,2599.99,15,"[{""key"":""VRAM"",""value"":""32GB GDDR7""},{""key"":""Cooling"",""value"":""Quad Fan Design""},{""key"":""Boost Clock"",""value"":""2800 MHz""},{""key"":""Power"",""value"":""575W""}]"
Western Digital,Storage,"[""Electronics"",""Components"",""Storage"",""SSD""]","WD Black SN850X 4TB NVMe SSD","Large capacity gaming SSD with extreme PCIe 4.0 performance.","WDSN850X4001","WDS400T2X0E","890123450095",349.99,399.99,379.99,17,"[{""key"":""Capacity"",""value"":""4TB""},{""key"":""Interface"",""value"":""PCIe 4.0 x4""},{""key"":""Read Speed"",""value"":""7300 MB/s""},{""key"":""Cache"",""value"":""DRAM Cache""}]"
Synology,NAS,"[""Electronics"",""Storage"",""Network Storage"",""NAS""]","Synology DiskStation DS923+","Professional NAS system for home labs and small businesses.","SYDDS923001","DS923+","890123450096",599.99,699.99,649.99,9,"[{""key"":""Drive Bays"",""value"":""4 Bay""},{""key"":""Processor"",""value"":""AMD Ryzen R1600""},{""key"":""Memory"",""value"":""4GB DDR4 ECC""},{""key"":""Networking"",""value"":""1Gb Ethernet""}]"
Canon,Camera,"[""Electronics"",""Cameras"",""Digital Cameras"",""Mirrorless Camera""]","Canon EOS R6 Mark II","Professional mirrorless camera for photographers and content creators.","CANR6II001","EOS-R6M2","890123450097",2499.99,2699.99,2599.99,14,"[{""key"":""Sensor"",""value"":""24.2MP Full Frame CMOS""},{""key"":""Video"",""value"":""4K 60FPS""},{""key"":""Autofocus"",""value"":""Dual Pixel CMOS AF II""},{""key"":""Mount"",""value"":""RF Mount""}]"
Sony,Camera,"[""Electronics"",""Cameras"",""Digital Cameras"",""Mirrorless Camera""]","Sony Alpha A7 IV","Full-frame mirrorless camera designed for professional photography and hybrid video production.","SONA7IV001","ILCE7M4/B","890123450098",2499.99,2699.99,2599.99,16,"[{""key"":""Sensor"",""value"":""33MP Full Frame Exmor R CMOS""},{""key"":""Processor"",""value"":""BIONZ XR""},{""key"":""Video"",""value"":""4K 60FPS 10-bit""},{""key"":""Autofocus"",""value"":""759 Phase Detection Points""}]"
DJI,Drone,"[""Electronics"",""Cameras"",""Drones"",""Consumer Drone""]","DJI Mavic 4 Pro","Professional consumer drone with advanced obstacle avoidance and high-resolution aerial imaging.","DJIMAVIC4001","CP.MA.00000990","890123450099",2199.99,2399.99,2299.99,20,"[{""key"":""Camera"",""value"":""50MP Hasselblad Camera""},{""key"":""Video"",""value"":""8K Video Recording""},{""key"":""Flight Time"",""value"":""45 Minutes""},{""key"":""Transmission"",""value"":""O4 Video Transmission""}]"
DJI,Drone,"[""Electronics"",""Cameras"",""Drones"",""Consumer Drone""]","DJI Mini 4 Pro","Compact lightweight drone with professional imaging features.","DJIMINI4001","MT4MFVD","890123450100",759.99,899.99,829.99,24,"[{""key"":""Weight"",""value"":""Under 249g""},{""key"":""Camera"",""value"":""48MP CMOS""},{""key"":""Video"",""value"":""4K 100FPS Slow Motion""},{""key"":""Flight Time"",""value"":""34 Minutes""}]"
Alienware,Gaming Monitor,"[""Electronics"",""Displays"",""Monitors"",""Gaming Monitor""]","Alienware AW3225QF OLED Gaming Monitor","Premium curved OLED gaming display with ultra-fast response time.","ALI3225QF01","AW3225QF","890123450101",1199.99,1399.99,1299.99,12,"[{""key"":""Size"",""value"":""32-inch""},{""key"":""Panel"",""value"":""QD-OLED""},{""key"":""Resolution"",""value"":""4K UHD""},{""key"":""Refresh Rate"",""value"":""240Hz""},{""key"":""Response Time"",""value"":""0.03ms""}]"
LG,Monitor,"[""Electronics"",""Displays"",""Monitors"",""Ultrawide Monitor""]","LG UltraGear 45GS95QE OLED","Large curved OLED ultrawide gaming monitor for immersive gaming.","LG45GS95001","45GS95QE-B","890123450102",1699.99,1899.99,1799.99,10,"[{""key"":""Size"",""value"":""45-inch Ultrawide""},{""key"":""Panel"",""value"":""OLED""},{""key"":""Resolution"",""value"":""3440x1440""},{""key"":""Refresh Rate"",""value"":""240Hz""}]"
Samsung,Monitor,"[""Electronics"",""Displays"",""Monitors"",""Ultrawide Monitor""]","Samsung Odyssey OLED G9","Massive curved OLED gaming monitor designed for immersive simulation and competitive gaming.","SAMG9OLED01","G95SC","890123450103",1799.99,1999.99,1899.99,13,"[{""key"":""Size"",""value"":""49-inch Super Ultrawide""},{""key"":""Panel"",""value"":""QD-OLED""},{""key"":""Resolution"",""value"":""5120x1440""},{""key"":""Refresh Rate"",""value"":""240Hz""}]"
Razer,Keyboard,"[""Electronics"",""Accessories"",""Peripherals"",""Gaming Keyboard""]","Razer BlackWidow V4 Pro","Premium mechanical gaming keyboard with RGB lighting and programmable controls.","RAZBWV4001","RZ03-04680100","890123450104",229.99,269.99,249.99,19,"[{""key"":""Switches"",""value"":""Razer Green Mechanical""},{""key"":""Lighting"",""value"":""Chroma RGB""},{""key"":""Connectivity"",""value"":""USB Wired""},{""key"":""Features"",""value"":""Macro Keys + Media Controls""}]"
SteelSeries,Headset,"[""Electronics"",""Audio"",""Headsets"",""Gaming Headset""]","SteelSeries Arctis Nova Pro Wireless","Premium wireless gaming headset with active noise cancellation.","STEELNOVA001","61520","890123450105",349.99,399.99,379.99,22,"[{""key"":""Audio"",""value"":""Hi-Res Wireless Audio""},{""key"":""Connectivity"",""value"":""2.4GHz + Bluetooth""},{""key"":""Battery"",""value"":""Dual Battery System""},{""key"":""Noise Cancellation"",""value"":""Active ANC""}]"
Apple,Laptop,"[""Electronics"",""Computers"",""Laptops"",""Ultrabook""]","Apple MacBook Pro 14 M4 Pro","Professional laptop with Apple Silicon designed for developers and creators.","APPMBP14001","MX2H3","890123450106",1999.99,2199.99,2099.99,23,"[{""key"":""Processor"",""value"":""Apple M4 Pro Chip""},{""key"":""RAM"",""value"":""24GB Unified Memory""},{""key"":""Storage"",""value"":""512GB SSD""},{""key"":""Display"",""value"":""14.2-inch Liquid Retina XDR""}]"
Apple,Laptop,"[""Electronics"",""Computers"",""Laptops"",""Professional Laptop""]","Apple MacBook Pro 16 M4 Max","High-end professional laptop for video editing, software development, and AI workloads.","APPMBP16002","MX313","890123450107",3499.99,3799.99,3599.99,18,"[{""key"":""Processor"",""value"":""Apple M4 Max Chip""},{""key"":""GPU"",""value"":""40-core GPU""},{""key"":""RAM"",""value"":""64GB Unified Memory""},{""key"":""Storage"",""value"":""2TB SSD""},{""key"":""Display"",""value"":""16.2-inch Liquid Retina XDR""}]"
ASUS,Gaming Laptop,"[""Electronics"",""Computers"",""Laptops"",""Gaming Laptop""]","ASUS ROG Strix Scar 18 G834","Large-format flagship gaming laptop built for competitive gaming and heavy workloads.","ASUSSCAR18001","G834JY-XS98","890123450108",2499.99,2799.99,2649.99,17,"[{""key"":""CPU"",""value"":""Intel Core i9-14900HX""},{""key"":""GPU"",""value"":""NVIDIA RTX 4090 Laptop GPU""},{""key"":""RAM"",""value"":""64GB DDR5""},{""key"":""Storage"",""value"":""2TB NVMe SSD""},{""key"":""Display"",""value"":""18-inch QHD+ 240Hz""}]"
ASUS,Gaming Laptop,"[""Electronics"",""Computers"",""Laptops"",""Gaming Laptop""]","ASUS ROG Flow Z13","Convertible gaming tablet laptop with dedicated graphics and touchscreen display.","ASUSFLOWZ13001","GZ301VV","890123450109",1799.99,1999.99,1899.99,12,"[{""key"":""CPU"",""value"":""Intel Core i9-13900H""},{""key"":""GPU"",""value"":""NVIDIA RTX 4060 Laptop GPU""},{""key"":""RAM"",""value"":""16GB LPDDR5""},{""key"":""Storage"",""value"":""1TB SSD""},{""key"":""Display"",""value"":""13.4-inch Touch 165Hz""}]"
Lenovo,Business Laptop,"[""Electronics"",""Computers"",""Laptops"",""Business Laptop""]","Lenovo ThinkPad T14 Gen 5","Enterprise business laptop focused on security, durability, and productivity.","LEN T14001","21ML0001","890123450110",1399.99,1549.99,1499.99,9,"[{""key"":""CPU"",""value"":""Intel Core Ultra 7 155U""},{""key"":""RAM"",""value"":""32GB DDR5""},{""key"":""Storage"",""value"":""1TB SSD""},{""key"":""Display"",""value"":""14-inch WUXGA IPS""}]"
HP,Gaming Laptop,"[""Electronics"",""Computers"",""Laptops"",""Gaming Laptop""]","HP Victus 16 RTX 4060","Affordable gaming laptop with strong performance for mainstream gamers.","HPVICTUS1601","16-s1023dx","890123450111",1199.99,1349.99,1299.99,14,"[{""key"":""CPU"",""value"":""Intel Core i7-14650HX""},{""key"":""GPU"",""value"":""NVIDIA RTX 4060 Laptop GPU""},{""key"":""RAM"",""value"":""16GB DDR5""},{""key"":""Storage"",""value"":""1TB SSD""}]"
Acer,Gaming Laptop,"[""Electronics"",""Computers"",""Laptops"",""Gaming Laptop""]","Acer Nitro V 15","Budget gaming notebook with RTX graphics and high refresh display.","ACNITRO1501","ANV15-51","890123450112",899.99,999.99,949.99,16,"[{""key"":""CPU"",""value"":""Intel Core i7-13620H""},{""key"":""GPU"",""value"":""NVIDIA RTX 4050 Laptop GPU""},{""key"":""RAM"",""value"":""16GB DDR5""},{""key"":""Storage"",""value"":""512GB SSD""}]"
Razer,Gaming Laptop,"[""Electronics"",""Computers"",""Laptops"",""Gaming Laptop""]","Razer Blade 14","Compact premium gaming laptop with powerful AMD processor and RTX graphics.","RAZBLADE1401","RZ09-0508","890123450113",2199.99,2399.99,2299.99,8,"[{""key"":""CPU"",""value"":""AMD Ryzen 9 8945HS""},{""key"":""GPU"",""value"":""NVIDIA RTX 4070 Laptop GPU""},{""key"":""RAM"",""value"":""32GB DDR5""},{""key"":""Storage"",""value"":""1TB SSD""}]"
Samsung,Smartphone,"[""Electronics"",""Phones"",""Smartphones"",""Foldable Phone""]","Samsung Galaxy Z Fold 6","Premium foldable smartphone designed for productivity and multitasking.","SAMZFOLD6001","SM-F956B","890123450114",1899.99,2099.99,1999.99,20,"[{""key"":""Display"",""value"":""7.6-inch Foldable AMOLED""},{""key"":""Processor"",""value"":""Snapdragon 8 Gen 3""},{""key"":""RAM"",""value"":""12GB""},{""key"":""Storage"",""value"":""512GB""}]"
Samsung,Smartphone,"[""Electronics"",""Phones"",""Smartphones"",""Foldable Phone""]","Samsung Galaxy Z Flip 6","Compact foldable smartphone with flagship processor and cover display.","SAMZFLIP6001","SM-F741B","890123450115",1099.99,1199.99,1149.99,18,"[{""key"":""Display"",""value"":""6.7-inch Foldable AMOLED""},{""key"":""Processor"",""value"":""Snapdragon 8 Gen 3""},{""key"":""Storage"",""value"":""256GB""},{""key"":""Camera"",""value"":""50MP Dual Camera""}]"
Google,Smartphone,"[""Electronics"",""Phones"",""Smartphones"",""Flagship Phone""]","Google Pixel 9","AI-powered smartphone with clean Android experience and advanced photography.","GOOPIX9001","GRY0M","890123450116",799.99,899.99,849.99,15,"[{""key"":""Processor"",""value"":""Google Tensor G4""},{""key"":""Display"",""value"":""6.3-inch OLED 120Hz""},{""key"":""RAM"",""value"":""12GB""},{""key"":""Storage"",""value"":""256GB""}]"
OnePlus,Smartphone,"[""Electronics"",""Phones"",""Smartphones"",""Flagship Phone""]","OnePlus 12","Fast Android flagship with powerful charging and high-end hardware.","ONEPLUS12001","CPH2573","890123450117",799.99,899.99,849.99,17,"[{""key"":""Processor"",""value"":""Snapdragon 8 Gen 3""},{""key"":""Display"",""value"":""6.82-inch AMOLED 120Hz""},{""key"":""RAM"",""value"":""16GB""},{""key"":""Battery"",""value"":""5400mAh""}]"
Xiaomi,Smartphone,"[""Electronics"",""Phones"",""Smartphones"",""Flagship Phone""]","Xiaomi 14 Ultra","Photography-focused flagship with Leica camera technology.","XIA14ULT001","24030PN60G","890123450118",999.99,1099.99,1049.99,13,"[{""key"":""Camera"",""value"":""50MP Leica Quad Camera""},{""key"":""Processor"",""value"":""Snapdragon 8 Gen 3""},{""key"":""Storage"",""value"":""512GB""},{""key"":""Display"",""value"":""6.73-inch AMOLED""}]"
NVIDIA,GPU,"[""Electronics"",""Components"",""Graphics Cards"",""GPU""]","NVIDIA GeForce RTX 4060 Ti 16GB","Midrange GPU with additional VRAM for creative workloads and gaming.","NVID4060TI16","RTX4060TI16G","890123450119",499.99,579.99,549.99,21,"[{""key"":""VRAM"",""value"":""16GB GDDR6""},{""key"":""CUDA Cores"",""value"":""4352""},{""key"":""Memory Bus"",""value"":""128-bit""}]"
NVIDIA,GPU,"[""Electronics"",""Components"",""Graphics Cards"",""GPU""]","NVIDIA GeForce RTX 4070","High efficiency GPU for high-refresh 1440p gaming.","NVID4070001","RTX4070-12G","890123450120",599.99,699.99,649.99,24,"[{""key"":""VRAM"",""value"":""12GB GDDR6X""},{""key"":""CUDA Cores"",""value"":""5888""},{""key"":""Boost Clock"",""value"":""2475MHz""}]"
AMD,GPU,"[""Electronics"",""Components"",""Graphics Cards"",""GPU""]","AMD Radeon RX 7900 GRE","High performance AMD graphics card optimized for 1440p gaming.","AMDRX7900GRE","RX7900GRE16G","890123450121",549.99,649.99,599.99,19,"[{""key"":""VRAM"",""value"":""16GB GDDR6""},{""key"":""Architecture"",""value"":""RDNA 3""},{""key"":""Memory Bus"",""value"":""256-bit""}]"
AMD,GPU,"[""Electronics"",""Components"",""Graphics Cards"",""GPU""]","AMD Radeon RX 7800 XT","Powerful 1440p gaming graphics card with high VRAM capacity.","AMDRX7800XT02","RX7800XT-16G","890123450122",499.99,559.99,529.99,22,"[{""key"":""VRAM"",""value"":""16GB GDDR6""},{""key"":""Architecture"",""value"":""RDNA 3""},{""key"":""Compute Units"",""value"":""60""},{""key"":""Memory Bus"",""value"":""256-bit""}]"
MSI,GPU,"[""Electronics"",""Components"",""Graphics Cards"",""GPU""]","MSI Gaming X Trio RTX 4080 SUPER","Premium cooled RTX graphics card for 4K gaming enthusiasts.","MSIRTX408001","RTX4080S-16GX","890123450123",999.99,1199.99,1099.99,18,"[{""key"":""VRAM"",""value"":""16GB GDDR6X""},{""key"":""Cooling"",""value"":""Tri Frozr 3""},{""key"":""Boost Clock"",""value"":""2640MHz""},{""key"":""Power"",""value"":""320W""}]"
Gigabyte,GPU,"[""Electronics"",""Components"",""Graphics Cards"",""GPU""]","Gigabyte RTX 4070 SUPER Windforce","Efficient gaming GPU with excellent 1440p performance.","GIG4070SUP01","GV-N407SWF3","890123450124",599.99,699.99,649.99,20,"[{""key"":""VRAM"",""value"":""12GB GDDR6X""},{""key"":""Fans"",""value"":""Triple Fan""},{""key"":""Interface"",""value"":""PCIe 4.0""}]"
Corsair,RAM,"[""Electronics"",""Components"",""Memory"",""RAM""]","Corsair Dominator Titanium 64GB DDR5","Premium enthusiast memory kit designed for extreme PC builds.","CORDOM64001","CMP64GX5M2B6000","890123450125",299.99,349.99,329.99,15,"[{""key"":""Capacity"",""value"":""64GB (2x32GB)""},{""key"":""Speed"",""value"":""6000MHz""},{""key"":""Type"",""value"":""DDR5""},{""key"":""Latency"",""value"":""CL30""}]"
G.Skill,RAM,"[""Electronics"",""Components"",""Memory"",""RAM""]","G.Skill Trident Z5 RGB 32GB DDR5","High-speed gaming memory optimized for Intel and AMD platforms.","GSKTRID32001","F5-6400J3239G16","890123450126",149.99,189.99,169.99,23,"[{""key"":""Capacity"",""value"":""32GB""},{""key"":""Speed"",""value"":""6400MHz""},{""key"":""RGB"",""value"":""Yes""},{""key"":""Latency"",""value"":""CL32""}]"
Samsung,SSD,"[""Electronics"",""Components"",""Storage"",""SSD""]","Samsung 990 Pro 2TB NVMe SSD","High-performance PCIe 4.0 SSD for gaming and professional systems.","SAM990PRO02","MZ-V9P2T0","890123450127",179.99,229.99,209.99,28,"[{""key"":""Capacity"",""value"":""2TB""},{""key"":""Read Speed"",""value"":""7450MB/s""},{""key"":""Write Speed"",""value"":""6900MB/s""},{""key"":""Interface"",""value"":""PCIe 4.0""}]"
Crucial,SSD,"[""Electronics"",""Components"",""Storage"",""SSD""]","Crucial T500 2TB NVMe SSD","Fast consumer SSD designed for gaming PCs and workstations.","CRUT5002001","CT2000T500SSD8","890123450128",139.99,179.99,159.99,20,"[{""key"":""Capacity"",""value"":""2TB""},{""key"":""Interface"",""value"":""PCIe 4.0""},{""key"":""Read Speed"",""value"":""7400MB/s""}]"
Seagate,Storage,"[""Electronics"",""Components"",""Storage"",""External Drive""]","Seagate Expansion Portable 5TB","Portable external hard drive for backups and additional storage.","SEAEXP50001","STKM5000400","890123450129",119.99,149.99,139.99,26,"[{""key"":""Capacity"",""value"":""5TB""},{""key"":""Interface"",""value"":""USB 3.0""},{""key"":""Drive Type"",""value"":""Portable HDD""}]"
Western Digital,Storage,"[""Electronics"",""Components"",""Storage"",""External Drive""]","WD My Passport Ultra 4TB","Portable metal design external storage drive.","WDMP40001","WDBFTM0040","890123450130",109.99,139.99,124.99,21,"[{""key"":""Capacity"",""value"":""4TB""},{""key"":""Interface"",""value"":""USB-C""},{""key"":""Encryption"",""value"":""256-bit AES""}]"
ASUS,Monitor,"[""Electronics"",""Displays"",""Monitors"",""Gaming Monitor""]","ASUS ROG Swift PG27AQDM","OLED gaming monitor with ultra-fast response and HDR support.","ASUPG27AQ01","PG27AQDM","890123450131",999.99,1099.99,1049.99,13,"[{""key"":""Panel"",""value"":""OLED""},{""key"":""Resolution"",""value"":""1440p""},{""key"":""Refresh Rate"",""value"":""240Hz""},{""key"":""Response Time"",""value"":""0.03ms""}]"
BenQ,Monitor,"[""Electronics"",""Displays"",""Monitors"",""Professional Monitor""]","BenQ PD3225U Designer Monitor","Professional 4K monitor designed for creators and designers.","BENPD3225001","PD3225U","890123450132",1199.99,1299.99,1249.99,9,"[{""key"":""Size"",""value"":""32-inch""},{""key"":""Resolution"",""value"":""4K UHD""},{""key"":""Panel"",""value"":""IPS Black""},{""key"":""Color"",""value"":""99% DCI-P3""}]"
Apple,Accessory,"[""Electronics"",""Accessories"",""Computer Accessories"",""Keyboard""]","Apple Magic Keyboard with Touch ID","Premium wireless keyboard designed for Mac computers.","APPMAGKEY01","MXQT2","890123450133",179.99,199.99,189.99,18,"[{""key"":""Connectivity"",""value"":""Bluetooth""},{""key"":""Feature"",""value"":""Touch ID""},{""key"":""Battery"",""value"":""Rechargeable""}]"
Apple,Accessory,"[""Electronics"",""Accessories"",""Computer Accessories"",""Mouse""]","Apple Magic Mouse 3","Wireless multi-touch mouse designed for Mac users.","APPMAGMOUSE01","MLA02","890123450134",79.99,99.99,89.99,27,"[{""key"":""Connectivity"",""value"":""Bluetooth""},{""key"":""Surface"",""value"":""Multi-Touch""},{""key"":""Charging"",""value"":""USB-C""}]"
Logitech,Mouse,"[""Electronics"",""Accessories"",""Peripherals"",""Wireless Mouse""]","Logitech MX Master 3S","Professional productivity mouse with advanced tracking sensor.","LOGMXMASTER01","910-006557","890123450135",99.99,119.99,109.99,32,"[{""key"":""Sensor"",""value"":""8000 DPI Darkfield""},{""key"":""Connectivity"",""value"":""Bluetooth + Bolt Receiver""},{""key"":""Battery"",""value"":""70 Days""}]"
Sony,Console,"[""Electronics"",""Gaming"",""Consoles"",""Home Console""]","Sony PlayStation 5 Pro","High-performance gaming console with upgraded GPU and enhanced ray tracing capabilities.","SONPS5PRO001","CFI-7020","890123450136",699.99,749.99,729.99,30,"[{""key"":""CPU"",""value"":""AMD Zen 2 Custom""},{""key"":""GPU"",""value"":""RDNA Based Enhanced GPU""},{""key"":""Storage"",""value"":""2TB SSD""},{""key"":""Resolution"",""value"":""8K Ready""}]"
Microsoft,Console,"[""Electronics"",""Gaming"",""Consoles"",""Home Console""]","Xbox Series X 2TB Galaxy Black","Premium Xbox console with increased storage capacity.","MSXBOX2TB001","RRT-00074","890123450137",599.99,649.99,619.99,22,"[{""key"":""Storage"",""value"":""2TB SSD""},{""key"":""CPU"",""value"":""AMD Zen 2 8-Core""},{""key"":""GPU"",""value"":""AMD RDNA 2""},{""key"":""Resolution"",""value"":""4K UHD""}]"
Nintendo,Console,"[""Electronics"",""Gaming"",""Consoles"",""Handheld Console""]","Nintendo Switch OLED","Portable gaming console with OLED display and improved dock.","NINSWOLED001","HEG-001","890123450138",349.99,399.99,379.99,28,"[{""key"":""Display"",""value"":""7-inch OLED""},{""key"":""Storage"",""value"":""64GB""},{""key"":""Battery"",""value"":""4.5-9 Hours""},{""key"":""Resolution"",""value"":""720p Handheld""}]"
Valve,Console,"[""Electronics"",""Gaming"",""Consoles"",""Handheld Console""]","Steam Deck OLED 1TB","Portable gaming PC with OLED display and Steam ecosystem integration.","VALSTEAM001","1030","890123450139",649.99,699.99,679.99,19,"[{""key"":""Display"",""value"":""7.4-inch OLED 90Hz""},{""key"":""Storage"",""value"":""1TB NVMe SSD""},{""key"":""RAM"",""value"":""16GB LPDDR5""},{""key"":""APU"",""value"":""AMD Zen 2 RDNA2""}]"
Meta,VR Headset,"[""Electronics"",""Gaming"",""Virtual Reality"",""VR Headset""]","Meta Quest 3 512GB","Standalone VR headset with mixed reality capabilities.","METAQUEST3001","899-00594-01","890123450140",499.99,549.99,529.99,25,"[{""key"":""Storage"",""value"":""512GB""},{""key"":""Display"",""value"":""LCD 2064x2208 per eye""},{""key"":""Processor"",""value"":""Snapdragon XR2 Gen 2""},{""key"":""Tracking"",""value"":""Inside-Out Tracking""}]"
Apple,Smartphone,"[""Electronics"",""Phones"",""Smartphones"",""Flagship Phone""]","Apple iPhone 16 Pro","Premium smartphone with Pro camera system and titanium frame.","APPIPH16001","A3293","890123450141",999.99,1099.99,1049.99,29,"[{""key"":""Display"",""value"":""6.3-inch OLED 120Hz""},{""key"":""Processor"",""value"":""Apple A18 Pro""},{""key"":""Storage"",""value"":""256GB""},{""key"":""Camera"",""value"":""48MP Triple Camera""}]"
Apple,Smartphone,"[""Electronics"",""Phones"",""Smartphones"",""Flagship Phone""]","Apple iPhone 16 Pro Max","Large premium iPhone with advanced battery and camera features.","APPIPH16PM01","A3295","890123450142",1199.99,1299.99,1249.99,30,"[{""key"":""Display"",""value"":""6.9-inch OLED 120Hz""},{""key"":""Processor"",""value"":""Apple A18 Pro""},{""key"":""Storage"",""value"":""512GB""},{""key"":""Battery"",""value"":""Large Capacity Battery""}]"
Samsung,Smartphone,"[""Electronics"",""Phones"",""Smartphones"",""Flagship Phone""]","Samsung Galaxy S25 Ultra","Premium Android flagship with AI features and advanced camera hardware.","SAMS25ULT001","SM-S938B","890123450143",1299.99,1399.99,1349.99,26,"[{""key"":""Processor"",""value"":""Snapdragon 8 Elite""},{""key"":""Display"",""value"":""6.9-inch AMOLED""},{""key"":""Camera"",""value"":""200MP Main Sensor""},{""key"":""Storage"",""value"":""512GB""}]"
Samsung,Smartphone,"[""Electronics"",""Phones"",""Smartphones"",""Midrange Phone""]","Samsung Galaxy A55 5G","Midrange smartphone with premium design and AMOLED display.","SAMGA55001","SM-A556B","890123450144",449.99,499.99,469.99,23,"[{""key"":""Display"",""value"":""6.6-inch AMOLED""},{""key"":""Processor"",""value"":""Exynos 1480""},{""key"":""RAM"",""value"":""8GB""},{""key"":""Storage"",""value"":""256GB""}]"
Google,Smartphone,"[""Electronics"",""Phones"",""Smartphones"",""Midrange Phone""]","Google Pixel 8a","Affordable AI-focused smartphone with excellent camera performance.","GOOPIX8A001","GKV4X","890123450145",499.99,549.99,529.99,19,"[{""key"":""Processor"",""value"":""Google Tensor G3""},{""key"":""Display"",""value"":""6.1-inch OLED""},{""key"":""RAM"",""value"":""8GB""},{""key"":""Camera"",""value"":""64MP Main Camera""}]"
Motorola,Smartphone,"[""Electronics"",""Phones"",""Smartphones"",""Midrange Phone""]","Motorola Edge 50 Ultra","Premium Motorola phone with curved OLED display and fast charging.","MOTOEDGE5001","XT2401","890123450146",799.99,899.99,849.99,14,"[{""key"":""Processor"",""value"":""Snapdragon 8s Gen 3""},{""key"":""Display"",""value"":""6.67-inch OLED""},{""key"":""Charging"",""value"":""125W Fast Charge""}]"
OnePlus,Smartphone,"[""Electronics"",""Phones"",""Smartphones"",""Midrange Phone""]","OnePlus Nord 4","Affordable 5G smartphone with strong performance and metal design.","ONENORD4001","CPH2661","890123450147",499.99,549.99,529.99,15,"[{""key"":""Processor"",""value"":""Snapdragon 7+ Gen 3""},{""key"":""Display"",""value"":""6.74-inch AMOLED""},{""key"":""RAM"",""value"":""12GB""},{""key"":""Storage"",""value"":""256GB""}]"
HP,Workstation Laptop,"[""Electronics"",""Computers"",""Laptops"",""Mobile Workstation""]","HP ZBook Fury G11","Professional mobile workstation designed for engineering, 3D rendering, and AI workloads.","HPZBOOKF001","A3XZ7","890123450148",2999.99,3299.99,3149.99,8,"[{""key"":""CPU"",""value"":""Intel Core i9-14900HX""},{""key"":""GPU"",""value"":""NVIDIA RTX 5000 Ada Laptop GPU""},{""key"":""RAM"",""value"":""64GB DDR5 ECC""},{""key"":""Storage"",""value"":""2TB SSD""}]"
Dell,Workstation Laptop,"[""Electronics"",""Computers"",""Laptops"",""Mobile Workstation""]","Dell Precision 5690","Professional workstation laptop for enterprise engineering and creative workloads.","DELP5690001","Precision-5690","890123450149",2499.99,2799.99,2649.99,7,"[{""key"":""CPU"",""value"":""Intel Core Ultra 9 185H""},{""key"":""GPU"",""value"":""NVIDIA RTX 2000 Ada""},{""key"":""RAM"",""value"":""32GB LPDDR5X""},{""key"":""Storage"",""value"":""1TB SSD""}]"
Lenovo,Workstation Laptop,"[""Electronics"",""Computers"",""Laptops"",""Mobile Workstation""]","Lenovo ThinkPad P1 Gen 7","Premium workstation laptop with OLED display and professional graphics.","LENP1GEN7001","21KV000","890123450150",2399.99,2699.99,2549.99,10,"[{""key"":""CPU"",""value"":""Intel Core Ultra 9""},{""key"":""GPU"",""value"":""NVIDIA RTX 4060 Laptop GPU""},{""key"":""RAM"",""value"":""64GB""},{""key"":""Display"",""value"":""16-inch OLED""}]"
Apple,Desktop Computer,"[""Electronics"",""Computers"",""Desktop Computers"",""All-in-One PC""]","Apple iMac M4 24-inch","All-in-one desktop computer with high-resolution display and Apple Silicon.","APPIMAC4001","MQR93","890123450151",1499.99,1599.99,1549.99,18,"[{""key"":""Processor"",""value"":""Apple M4 Chip""},{""key"":""Display"",""value"":""24-inch 4.5K Retina""},{""key"":""RAM"",""value"":""16GB Unified Memory""},{""key"":""Storage"",""value"":""512GB SSD""}]"
Apple,Desktop Computer,"[""Electronics"",""Computers"",""Desktop Computers"",""Mini PC""]","Apple Mac Mini M4 Pro","Compact desktop computer with professional performance.","APPMINI4001","MU9D3","890123450152",1399.99,1499.99,1449.99,21,"[{""key"":""Processor"",""value"":""Apple M4 Pro""},{""key"":""RAM"",""value"":""24GB Unified Memory""},{""key"":""Storage"",""value"":""512GB SSD""},{""key"":""Ports"",""value"":""Thunderbolt 5""}]"
Intel,Mini PC,"[""Electronics"",""Computers"",""Desktop Computers"",""Mini PC""]","Intel NUC 14 Pro","Compact business mini PC with Intel Core Ultra processor.","INTNUC14001","RNUC14RV","890123450153",799.99,899.99,849.99,12,"[{""key"":""CPU"",""value"":""Intel Core Ultra 7""},{""key"":""RAM"",""value"":""32GB DDR5""},{""key"":""Storage"",""value"":""1TB SSD""},{""key"":""Size"",""value"":""Compact Mini PC""}]"
Beelink,Mini PC,"[""Electronics"",""Computers"",""Desktop Computers"",""Mini PC""]","Beelink SER8 Pro","Compact AMD-powered mini PC for home and office use.","BEESER8001","SER8","890123450154",699.99,799.99,749.99,14,"[{""key"":""CPU"",""value"":""AMD Ryzen 7 8845HS""},{""key"":""RAM"",""value"":""32GB DDR5""},{""key"":""Storage"",""value"":""1TB SSD""},{""key"":""GPU"",""value"":""Radeon 780M""}]"
Synology,NAS,"[""Electronics"",""Storage"",""Network Storage"",""NAS""]","Synology DiskStation DS1522+","Five-bay NAS system for advanced home and business storage.","SYDDS1522001","DS1522+","890123450155",699.99,799.99,749.99,11,"[{""key"":""Drive Bays"",""value"":""5 Bay""},{""key"":""CPU"",""value"":""AMD Ryzen R1600""},{""key"":""RAM"",""value"":""8GB DDR4 ECC""},{""key"":""Networking"",""value"":""1Gb Ethernet""}]"
QNAP,NAS,"[""Electronics"",""Storage"",""Network Storage"",""NAS""]","QNAP TS-464","Four-bay NAS with multimedia and virtualization support.","QNTS464001","TS-464-8G","890123450156",649.99,749.99,699.99,9,"[{""key"":""Drive Bays"",""value"":""4 Bay""},{""key"":""CPU"",""value"":""Intel Celeron N5095""},{""key"":""RAM"",""value"":""8GB""},{""key"":""Network"",""value"":""2.5Gb Ethernet""}]"
TP-Link,Networking,"[""Electronics"",""Networking"",""Routers"",""WiFi Router""]","TP-Link Deco BE85 Mesh WiFi 7","High-performance mesh networking system for large homes.","TPLDECO85001","Deco BE85","890123450157",1499.99,1599.99,1549.99,16,"[{""key"":""Standard"",""value"":""WiFi 7""},{""key"":""Coverage"",""value"":""Up to 8500 sq ft""},{""key"":""Speed"",""value"":""22Gbps""},{""key"":""Units"",""value"":""3 Pack""}]"
Netgear,Networking,"[""Electronics"",""Networking"",""Mesh System"",""WiFi Mesh""]","Netgear Orbi 970 Series","Premium WiFi 7 mesh system for high-speed connected homes.","NETORBI97001","RBE973S","890123450158",1699.99,1799.99,1749.99,13,"[{""key"":""Standard"",""value"":""WiFi 7""},{""key"":""Coverage"",""value"":""10000 sq ft""},{""key"":""Speed"",""value"":""27Gbps""},{""key"":""Backhaul"",""value"":""10Gb Ethernet""}]"
Ubiquiti,Networking,"[""Electronics"",""Networking"",""Network Equipment"",""Router""]","Ubiquiti UniFi Dream Machine Pro","Professional network controller and security gateway.","UBIUDMPRO01","UDM-Pro","890123450159",379.99,429.99,399.99,10,"[{""key"":""Processor"",""value"":""Quad Core ARM""},{""key"":""Ports"",""value"":""8x Gigabit LAN""},{""key"":""Storage"",""value"":""3.5-inch HDD Bay""}]"
NVIDIA,GPU,"[""Electronics"",""Components"",""Graphics Cards"",""GPU""]","NVIDIA RTX 4090 Founders Edition","Flagship gaming GPU designed for extreme 4K gaming, AI, and professional workloads.","NVID4090FE001","RTX4090-24G","890123450160",1599.99,1899.99,1749.99,28,"[{""key"":""VRAM"",""value"":""24GB GDDR6X""},{""key"":""CUDA Cores"",""value"":""16384""},{""key"":""Memory Bus"",""value"":""384-bit""},{""key"":""Power"",""value"":""450W""}]"
ASUS,GPU,"[""Electronics"",""Components"",""Graphics Cards"",""GPU""]","ASUS TUF Gaming RTX 4090 OC","Factory overclocked RTX 4090 with advanced cooling design.","ASUTUF409001","TUF-RTX4090-O24G","890123450161",1799.99,2099.99,1949.99,22,"[{""key"":""VRAM"",""value"":""24GB GDDR6X""},{""key"":""Cooling"",""value"":""Axial Tech Triple Fan""},{""key"":""Boost Clock"",""value"":""2595MHz""}]"
MSI,GPU,"[""Electronics"",""Components"",""Graphics Cards"",""GPU""]","MSI Suprim X RTX 4090","Premium RTX graphics card with silent cooling and premium materials.","MSISUP409001","RTX4090SUPRIMX","890123450162",1849.99,2149.99,1999.99,19,"[{""key"":""VRAM"",""value"":""24GB GDDR6X""},{""key"":""Cooling"",""value"":""Tri Frozr 3S""},{""key"":""Power"",""value"":""450W""}]"
AMD,CPU,"[""Electronics"",""Components"",""Processors"",""CPU""]","AMD Ryzen 9 7950X3D","High-end gaming and productivity CPU with 3D V-Cache technology.","AMDR7950X3D01","100-100000908WOF","890123450163",699.99,799.99,749.99,21,"[{""key"":""Cores"",""value"":""16""},{""key"":""Threads"",""value"":""32""},{""key"":""Cache"",""value"":""144MB""},{""key"":""Socket"",""value"":""AM5""}]"
AMD,CPU,"[""Electronics"",""Components"",""Processors"",""CPU""]","AMD Ryzen 5 7600X","Affordable high-performance gaming processor.","AMDR7600X001","100-100000593WOF","890123450164",299.99,349.99,329.99,25,"[{""key"":""Cores"",""value"":""6""},{""key"":""Threads"",""value"":""12""},{""key"":""Boost Clock"",""value"":""5.3GHz""},{""key"":""Socket"",""value"":""AM5""}]"
Intel,CPU,"[""Electronics"",""Components"",""Processors"",""CPU""]","Intel Core i9-14900KS","Extreme desktop processor built for enthusiasts.","INT14900KS01","BX8071514900KS","890123450165",699.99,799.99,749.99,14,"[{""key"":""Cores"",""value"":""24""},{""key"":""Threads"",""value"":""32""},{""key"":""Boost Clock"",""value"":""6.2GHz""},{""key"":""Socket"",""value"":""LGA1700""}]"
Intel,CPU,"[""Electronics"",""Components"",""Processors"",""CPU""]","Intel Core i5-14600K","Popular gaming processor with strong price-performance ratio.","INT14600K001","BX8071514600K","890123450166",319.99,369.99,339.99,29,"[{""key"":""Cores"",""value"":""14""},{""key"":""Threads"",""value"":""20""},{""key"":""Boost Clock"",""value"":""5.3GHz""}]"
ASUS,Motherboard,"[""Electronics"",""Components"",""Motherboards"",""Gaming Motherboard""]","ASUS ROG Strix Z790-F Gaming WiFi","Gaming motherboard supporting latest Intel processors.","ASUZ790F001","ROG-Z790-F","890123450167",399.99,459.99,429.99,17,"[{""key"":""Socket"",""value"":""LGA1700""},{""key"":""Chipset"",""value"":""Z790""},{""key"":""Memory"",""value"":""DDR5""},{""key"":""Network"",""value"":""WiFi 6E""}]"
MSI,Motherboard,"[""Electronics"",""Components"",""Motherboards"",""Gaming Motherboard""]","MSI MAG B650 Tomahawk WiFi","Reliable AMD gaming motherboard with strong VRM design.","MSIB650T001","MAG-B650-TOMAHAWK","890123450168",219.99,269.99,249.99,23,"[{""key"":""Socket"",""value"":""AM5""},{""key"":""Memory"",""value"":""DDR5""},{""key"":""Network"",""value"":""WiFi 6E""}]"
Gigabyte,Motherboard,"[""Electronics"",""Components"",""Motherboards"",""Gaming Motherboard""]","Gigabyte Z790 AORUS Master","Premium Intel motherboard for enthusiast gaming builds.","GIGZ790M001","Z790-AORUS-MASTER","890123450169",499.99,579.99,539.99,12,"[{""key"":""Socket"",""value"":""LGA1700""},{""key"":""Memory"",""value"":""DDR5 8000MHz""},{""key"":""PCIe"",""value"":""PCIe 5.0""}]"
Corsair,Power Supply,"[""Electronics"",""Components"",""Power Supplies"",""PC PSU""]","Corsair HX1500i Platinum","High wattage premium modular PSU for enthusiast systems.","CORHX1500I01","CP-9020215","890123450170",399.99,449.99,429.99,15,"[{""key"":""Power"",""value"":""1500W""},{""key"":""Efficiency"",""value"":""80 Plus Platinum""},{""key"":""Modular"",""value"":""Fully Modular""}]"
be quiet!,Power Supply,"[""Electronics"",""Components"",""Power Supplies"",""PC PSU""]","be quiet! Dark Power Pro 13 1300W","Premium silent power supply for high-end PCs.","BEQUIET13001","BN300","890123450171",399.99,449.99,419.99,11,"[{""key"":""Power"",""value"":""1300W""},{""key"":""Efficiency"",""value"":""80 Plus Titanium""},{""key"":""Fan"",""value"":""Silent Wings""}]"
Noctua,CPU Cooler,"[""Electronics"",""Components"",""Cooling"",""CPU Cooler""]","Noctua NH-U12A chromax.black","Premium quiet CPU air cooler with excellent thermal performance.","NOUNH12A001","NH-U12A-CH-BK","890123450172",119.99,139.99,129.99,20,"[{""key"":""Type"",""value"":""Dual Fan Tower Cooler""},{""key"":""Fans"",""value"":""2x NF-A12x25""},{""key"":""Compatibility"",""value"":""AM5/LGA1700""}]"
Corsair,CPU Cooler,"[""Electronics"",""Components"",""Cooling"",""Liquid Cooler""]","Corsair iCUE H150i Elite LCD XT","Premium 360mm liquid CPU cooler with customizable LCD display.","CORH150LCD01","CW-9060072","890123450173",279.99,319.99,299.99,18,"[{""key"":""Radiator"",""value"":""360mm""},{""key"":""Fans"",""value"":""AF120 RGB Elite""},{""key"":""Display"",""value"":""LCD Screen""}]"
NZXT,CPU Cooler,"[""Electronics"",""Components"",""Cooling"",""Liquid Cooler""]","NZXT Kraken Elite 360 RGB","High-end AIO cooler with RGB fans and LCD pump display.","NZKRAKEN36001","RL-KR36E","890123450174",299.99,349.99,329.99,16,"[{""key"":""Radiator"",""value"":""360mm""},{""key"":""Display"",""value"":""2.72-inch LCD""},{""key"":""Fans"",""value"":""RGB F120""}]"
Lian Li,PC Case,"[""Electronics"",""Components"",""Computer Cases"",""ATX Case""]","Lian Li O11D EVO RGB","Premium dual chamber PC case designed for showcase builds.","LIO11EVO001","O11D-EVO-RGB","890123450175",199.99,239.99,219.99,22,"[{""key"":""Form Factor"",""value"":""ATX Mid Tower""},{""key"":""Material"",""value"":""Aluminum + Glass""},{""key"":""GPU Support"",""value"":""426mm""}]"
Fractal Design,PC Case,"[""Electronics"",""Components"",""Computer Cases"",""ATX Case""]","Fractal Design North XL","Large premium airflow PC case with wood accent design.","FRANORTHXL01","FD-C-NOR1X","890123450176",179.99,219.99,199.99,14,"[{""key"":""Form Factor"",""value"":""Full Tower""},{""key"":""Cooling"",""value"":""Airflow Focused""},{""key"":""GPU Support"",""value"":""413mm""}]"
Logitech,Keyboard,"[""Electronics"",""Accessories"",""Peripherals"",""Gaming Keyboard""]","Logitech G Pro X TKL Lightspeed","Professional wireless esports keyboard.","LOGPROXTKL01","920-012118","890123450177",199.99,229.99,214.99,26,"[{""key"":""Switches"",""value"":""GX Mechanical""},{""key"":""Connectivity"",""value"":""Lightspeed Wireless""},{""key"":""Battery"",""value"":""50 Hours""}]"
Razer,Mouse,"[""Electronics"",""Accessories"",""Peripherals"",""Gaming Mouse""]","Razer Viper V3 Pro","Ultra-light esports mouse with advanced optical sensor.","RAZVIPER3001","RZ01-051201","890123450178",159.99,179.99,169.99,29,"[{""key"":""Sensor"",""value"":""Focus Pro 35K""},{""key"":""Weight"",""value"":""54g""},{""key"":""Polling Rate"",""value"":""8000Hz""}]"
SteelSeries,Keyboard,"[""Electronics"",""Accessories"",""Peripherals"",""Gaming Keyboard""]","SteelSeries Apex Pro TKL Wireless","Adjustable mechanical gaming keyboard for competitive players.","STAPROTKL001","64856","890123450179",249.99,299.99,279.99,18,"[{""key"":""Switches"",""value"":""OmniPoint Adjustable""},{""key"":""Connectivity"",""value"":""Wireless + Bluetooth""},{""key"":""Display"",""value"":""OLED Smart Display""}]"
HyperX,Headset,"[""Electronics"",""Audio"",""Headsets"",""Gaming Headset""]","HyperX Cloud III Wireless","Comfortable gaming headset with long battery life.","HYPCLD3001","77Z46AA","890123450180",149.99,179.99,164.99,23,"[{""key"":""Driver"",""value"":""53mm Dynamic""},{""key"":""Battery"",""value"":""120 Hours""},{""key"":""Connection"",""value"":""2.4GHz Wireless""}]"
Elgato,Streaming Equipment,"[""Electronics"",""Streaming"",""Creator Equipment"",""Capture Card""]","Elgato 4K X Capture Card","External capture device for streamers and content creators.","ELG4KX001","10GBB9901","890123450181",229.99,269.99,249.99,12,"[{""key"":""Capture"",""value"":""4K 60FPS HDR""},{""key"":""Interface"",""value"":""USB-C""},{""key"":""Compatibility"",""value"":""PC Console""}]"
Elgato,Streaming Equipment,"[""Electronics"",""Streaming"",""Creator Equipment"",""Microphone""]","Elgato Wave:3 Microphone","USB condenser microphone designed for streaming and recording.","ELGWAVE3001","10MAA9901","890123450182",149.99,169.99,159.99,17,"[{""key"":""Type"",""value"":""Condenser USB Microphone""},{""key"":""Resolution"",""value"":""24-bit 96kHz""},{""key"":""Connection"",""value"":""USB-C""}]"
Shure,Microphone,"[""Electronics"",""Audio"",""Microphones"",""Studio Microphone""]","Shure MV7 USB Microphone","Professional microphone inspired by broadcast equipment.","SHUREMV7001","MV7-K","890123450183",249.99,279.99,259.99,15,"[{""key"":""Type"",""value"":""Dynamic Microphone""},{""key"":""Connection"",""value"":""USB + XLR""},{""key"":""Use"",""value"":""Podcast Streaming""}]"
Beyerdynamic,Headphones,"[""Electronics"",""Audio"",""Headphones"",""Studio Headphones""]","Beyerdynamic DT 1990 Pro","Professional studio headphones for audio engineers.","BEYDT199001","DT1990PRO","890123450184",599.99,649.99,619.99,8,"[{""key"":""Driver"",""value"":""Tesla Dynamic Driver""},{""key"":""Impedance"",""value"":""250 Ohm""},{""key"":""Type"",""value"":""Open Back""}]"
Sennheiser,Headphones,"[""Electronics"",""Audio"",""Headphones"",""Audiophile Headphones""]","Sennheiser HD 800 S","Reference-grade audiophile headphones.","SENHD800S01","HD800S","890123450185",1799.99,1999.99,1899.99,7,"[{""key"":""Driver"",""value"":""56mm Ring Radiator""},{""key"":""Impedance"",""value"":""300 Ohm""},{""key"":""Type"",""value"":""Open Back""}]"
Apple,Tablet,"[""Electronics"",""Computers"",""Tablets"",""Premium Tablet""]","Apple iPad Pro 13 M4","Professional tablet with OLED display and Apple Silicon performance.","APPIPADPRO13001","MVX33","890123450186",1299.99,1399.99,1349.99,27,"[{""key"":""Processor"",""value"":""Apple M4 Chip""},{""key"":""Display"",""value"":""13-inch Tandem OLED""},{""key"":""Storage"",""value"":""512GB""},{""key"":""RAM"",""value"":""8GB""}]"
Apple,Tablet,"[""Electronics"",""Computers"",""Tablets"",""Tablet""]","Apple iPad Air M2 11-inch","Powerful lightweight tablet for students and creators.","APPIPADAIR001","MUWC3","890123450187",599.99,699.99,649.99,31,"[{""key"":""Processor"",""value"":""Apple M2 Chip""},{""key"":""Display"",""value"":""11-inch Liquid Retina""},{""key"":""Storage"",""value"":""256GB""}]"
Samsung,Tablet,"[""Electronics"",""Computers"",""Tablets"",""Android Tablet""]","Samsung Galaxy Tab S10 Ultra","Large premium Android tablet for productivity and entertainment.","SAMTABS10001","SM-X920","890123450188",1199.99,1299.99,1249.99,20,"[{""key"":""Display"",""value"":""14.6-inch AMOLED""},{""key"":""Processor"",""value"":""Dimensity 9300+""},{""key"":""RAM"",""value"":""12GB""},{""key"":""Storage"",""value"":""512GB""}]"
Microsoft,Tablet,"[""Electronics"",""Computers"",""Tablets"",""Windows Tablet""]","Microsoft Surface Pro 11","Convertible Windows tablet with OLED display and Snapdragon processor.","MSPRO11001","ZHX-00001","890123450189",999.99,1099.99,1049.99,15,"[{""key"":""Processor"",""value"":""Snapdragon X Elite""},{""key"":""Display"",""value"":""13-inch OLED""},{""key"":""RAM"",""value"":""16GB""},{""key"":""Storage"",""value"":""512GB SSD""}]"
Lenovo,Tablet,"[""Electronics"",""Computers"",""Tablets"",""Android Tablet""]","Lenovo Tab Extreme","Large Android tablet designed for productivity and media.","LENTABEXT001","TB570FU","890123450190",949.99,999.99,969.99,12,"[{""key"":""Display"",""value"":""14.5-inch OLED""},{""key"":""Processor"",""value"":""MediaTek Dimensity 9000""},{""key"":""RAM"",""value"":""12GB""}]"
Sony,Headphones,"[""Electronics"",""Audio"",""Headphones"",""Wireless Headphones""]","Sony WH-1000XM5","Premium noise cancelling wireless headphones.","SONWH1000XM5001","WH1000XM5","890123450191",399.99,449.99,429.99,35,"[{""key"":""Noise Cancellation"",""value"":""Adaptive ANC""},{""key"":""Battery"",""value"":""30 Hours""},{""key"":""Codec"",""value"":""LDAC""}]"
Bose,Headphones,"[""Electronics"",""Audio"",""Headphones"",""Wireless Headphones""]","Bose QuietComfort Ultra","Flagship wireless headphones with immersive audio.","BOSQCU001","QC Ultra","890123450192",429.99,479.99,449.99,29,"[{""key"":""Noise Cancellation"",""value"":""Active Noise Cancellation""},{""key"":""Audio"",""value"":""Immersive Spatial Audio""},{""key"":""Battery"",""value"":""24 Hours""}]"
Apple,Earbuds,"[""Electronics"",""Audio"",""Earbuds"",""True Wireless Earbuds""]","Apple AirPods Pro 3","Premium wireless earbuds with adaptive audio features.","APPAIRPRO3001","MTJV3","890123450193",249.99,299.99,279.99,40,"[{""key"":""Chip"",""value"":""Apple H3""},{""key"":""Noise Cancellation"",""value"":""Active ANC""},{""key"":""Charging"",""value"":""USB-C Case""}]"
Samsung,Earbuds,"[""Electronics"",""Audio"",""Earbuds"",""True Wireless Earbuds""]","Samsung Galaxy Buds3 Pro","Premium Android earbuds with intelligent audio features.","SAMBUDS3001","SM-R630","890123450194",199.99,249.99,229.99,33,"[{""key"":""Codec"",""value"":""SSC HiFi""},{""key"":""Noise Cancellation"",""value"":""Adaptive ANC""},{""key"":""Battery"",""value"":""30 Hours""}]"
Sony,Earbuds,"[""Electronics"",""Audio"",""Earbuds"",""True Wireless Earbuds""]","Sony WF-1000XM5","Compact flagship earbuds with industry-leading noise cancellation.","SONWF1000XM5001","WF1000XM5","890123450195",299.99,349.99,329.99,31,"[{""key"":""Driver"",""value"":""8.4mm Dynamic Driver""},{""key"":""ANC"",""value"":""Dual Processor Noise Canceling""},{""key"":""Battery"",""value"":""24 Hours""}]"
Apple,Smartwatch,"[""Electronics"",""Wearables"",""Smart Watches"",""Premium Smartwatch""]","Apple Watch Ultra 2","Rugged premium smartwatch designed for athletes and outdoor users.","APPWATCHU2001","MREK3","890123450196",799.99,849.99,819.99,34,"[{""key"":""Display"",""value"":""49mm Retina OLED""},{""key"":""Processor"",""value"":""S9 SiP""},{""key"":""Water Resistance"",""value"":""100m""}]"
Samsung,Smartwatch,"[""Electronics"",""Wearables"",""Smart Watches"",""Premium Smartwatch""]","Samsung Galaxy Watch Ultra","Advanced Android smartwatch with health tracking.","SAMWATCHU001","SM-L705","890123450197",649.99,699.99,679.99,22,"[{""key"":""Display"",""value"":""47mm AMOLED""},{""key"":""Processor"",""value"":""Exynos W1000""},{""key"":""GPS"",""value"":""Dual Frequency""}]"
Garmin,Smartwatch,"[""Electronics"",""Wearables"",""Smart Watches"",""Sports Watch""]","Garmin Fenix 8","Premium multisport GPS smartwatch for athletes.","GARFENIX8001","010-02904","890123450198",999.99,1099.99,1049.99,18,"[{""key"":""GPS"",""value"":""Multi-band GPS""},{""key"":""Battery"",""value"":""Up to 29 Days""},{""key"":""Water Resistance"",""value"":""100m""}]"
Fitbit,Smartwatch,"[""Electronics"",""Wearables"",""Smart Watches"",""Fitness Tracker""]","Fitbit Sense 2","Health-focused smartwatch with advanced wellness tracking.","FITSENSE2001","FB521","890123450199",299.99,349.99,329.99,20,"[{""key"":""Sensors"",""value"":""Heart Rate + ECG""},{""key"":""Battery"",""value"":""6 Days""},{""key"":""GPS"",""value"":""Built-in""}]"
GoPro,Camera,"[""Electronics"",""Cameras"",""Action Cameras"",""Sports Camera""]","GoPro HERO13 Black","Professional action camera for adventure recording.","GPHERO13001","CHDHX-131","890123450200",399.99,449.99,429.99,24,"[{""key"":""Video"",""value"":""5.3K 60FPS""},{""key"":""Sensor"",""value"":""27MP""},{""key"":""Waterproof"",""value"":""10m""}]"
DJI,Camera,"[""Electronics"",""Cameras"",""Action Cameras"",""Sports Camera""]","DJI Osmo Action 5 Pro","Advanced action camera with stabilization and HDR video.","DJIOSMO5001","AC500","890123450201",349.99,399.99,379.99,19,"[{""key"":""Video"",""value"":""4K 120FPS""},{""key"":""Sensor"",""value"":""1/1.3-inch""},{""key"":""Stabilization"",""value"":""RockSteady""}]"
